set,fold,accuracy
Train,1,1.0
Test,1,0.572737686139748
Train,2,1.0
Test,2,0.5078828828828829
Train,3,1.0
Test,3,0.5427027027027027
Train,4,1.0
Test,4,0.5666666666666667
Train,5,1.0
Test,5,0.6111111111111112
Train,6,1.0
Test,6,0.4957472660996355
Train,7,1.0
Test,7,0.6431980906921241
Train,8,1.0
Test,8,0.6401985111662531
Train,9,1.0
Test,9,0.6801470588235294
Train,10,1.0
Test,10,0.6152927120669056
